<!-- <?xml version="1.0"?> -->
<root>
	<originalFilePath>D:\Projetct\ADSPublish\private\DSATPipeline\DSATPipelineUI\DSATPipelineUI\EnhancedDapPipelineUI</originalFilePath>
	<DestinationfilePath>D:\Projetct\demo\EnhancedDapPipelineUI</DestinationfilePath>
	<webconfigPath>D:\Projetct\demo\EnhancedDapPipelineUI\Web.config</webconfigPath>
	<DsatPwd>password=BingAds2021!</DsatPwd>
	<EneityPwd>password=BingAds2019!</EneityPwd>
	<Azureurl>https://dsatescalationdev.scm.azurewebsites.net:443/dsatescalationdev.git</Azureurl>
</root>